,Respondants,European,Canadian,Japanese,6.19,5.49,4.79,Rich full bodied,Regular,Crisp and clear,Strong,Mild,Very mild,Full,Regular.1,Low,Six 12Oz Large,Six 12Oz Small,Four 16Oz,Green Label,Brown Label,Brown Painted,Cluster NUmber,UtilityHeinekin+,UtilityBecks,UtilityBass/Guiness,Utility Amstel Light,Utiluty Molson,Utility Corona+,Utility Sapporo,Utility Kirin New,Kirin Market Share,,
,461,18,1,0,2,3,0,7,0,13,0,12,2,26,7,0,19,0,1,0,1,9,1,47,53,54,33,23,51,23,20,1.20818732393608E-13,,
,4946,21,0,17,0,4,4,4,2,0,0,15,8,31,10,0,15,8,0,4,9,0,1,66,54,73,55,43,46,65,60,0.0002257508,,
,428,6,0,8,1,0,10,0,3,1,0,21,20,26,3,0,18,1,0,15,2,0,1,46,43,36,34,43,45,38,34,0.0004185868,,
,5542,20,0,16,0,9,5,12,0,3,0,19,3,30,2,0,9,0,7,2,0,1,1,64,45,62,39,32,40,46,42,2.45695529951227E-08,,
,7247,20,12,0,15,10,0,3,0,5,0,33,8,4,10,0,11,3,0,4,0,6,1,83,63,45,71,72,82,56,34,3.83279252104364E-20,,
,993,18,9,0,0,1,9,5,0,16,0,22,8,0,6,2,13,0,27,0,1,3,1,52,42,24,43,38,54,30,21,4.10345032422018E-13,,
,4377,16,0,16,0,4,10,14,0,8,0,23,10,22,1,0,13,0,5,2,0,1,1,60,46,52,39,30,42,44,45,3.05799349120483E-05,,
,6021,14,0,6,16,2,0,8,0,13,0,27,7,10,0,3,14,0,10,5,0,5,1,56,57,48,60,34,48,35,23,7.98888477373116E-15,,
,2899,9,0,11,6,3,0,21,0,8,0,9,5,33,0,22,15,0,11,5,2,0,1,47,56,71,48,17,27,25,42,2.54366486890623E-11,,
,464,9,0,10,0,7,1,20,0,9,0,17,2,30,4,0,4,0,7,0,3,9,1,57,37,62,29,28,41,41,46,1.11781980905985E-05,,
,525,25,0,32,9,4,0,9,0,7,4,7,0,8,0,5,18,4,0,18,7,0,1,67,83,66,57,33,29,54,56,1.87952852720109E-10,,
,4953,4,0,8,5,3,0,11,0,18,10,23,0,13,2,0,6,0,12,21,0,11,1,64,59,43,32,49,45,36,24,4.21991934467752E-16,,
,5789,17,0,5,11,4,0,6,0,3,0,15,7,28,0,10,10,0,1,0,14,8,1,42,44,76,67,19,37,38,36,4.24783003141956E-16,,
,3774,15,0,16,0,7,14,4,0,9,0,23,7,22,4,0,13,0,6,3,0,2,1,56,39,41,38,37,49,50,38,1.51785091544447E-06,,
,3602,17,0,7,9,0,4,11,0,17,0,19,8,10,0,15,17,0,0,1,5,0,1,48,55,52,65,20,36,31,31,1.71382667916651E-13,,
,1694,15,0,16,2,0,0,13,0,12,0,22,2,13,0,9,25,0,14,9,0,3,1,59,64,43,48,31,50,38,31,4.62770057154699E-13,,
,7326,29,0,11,0,4,4,0,9,10,0,23,1,15,0,0,12,0,0,2,8,0,1,58,43,52,69,38,48,55,24,2.86246827154661E-18,,
,1035,0,4,15,6,0,12,4,0,5,0,18,0,30,7,0,8,0,12,7,0,6,1,36,32,40,24,36,43,40,26,3.75874582851601E-06,,
,763,16,0,10,6,12,0,10,3,0,0,13,6,27,0,19,12,0,14,0,8,6,1,51,44,67,65,28,46,46,46,6.67869639251362E-08,,
,5655,12,3,0,11,0,15,11,0,22,0,20,20,13,0,12,15,0,0,0,4,4,1,43,49,51,59,23,42,24,35,3.77369670345599E-09,,
,4537,23,0,7,0,6,3,9,0,13,0,22,8,11,0,11,20,0,14,0,0,5,1,60,52,43,56,28,53,35,30,9.1780721155504E-12,,
,1275,12,0,15,1,2,0,3,0,18,3,34,0,17,1,0,11,0,6,3,0,2,1,55,34,36,47,40,50,52,21,1.62169743389122E-13,,
,4350,23,0,13,7,0,1,7,0,8,0,20,11,23,0,8,8,4,0,0,12,4,1,54,45,76,74,24,32,49,47,2.24045326900756E-11,,
,6855,25,0,16,3,3,0,15,0,10,1,17,0,22,0,10,10,0,14,0,0,4,1,60,54,66,55,20,34,36,34,1.26325639512428E-12,,
,4174,15,0,16,11,7,0,14,0,22,0,9,1,22,7,0,7,0,2,0,0,12,1,52,54,62,35,23,42,39,45,4.13836139159319E-06,,
,2810,20,0,13,0,4,5,4,0,13,0,21,4,16,0,4,19,0,0,0,8,5,1,49,43,48,53,25,49,46,33,1.97366781863824E-07,,
,71,14,0,14,0,6,12,4,0,11,0,26,11,19,2,0,15,0,5,3,0,2,1,55,38,37,40,37,51,48,37,1.49426634983379E-06,,
,5824,21,14,0,11,0,2,19,0,21,0,20,3,8,0,5,10,0,8,8,0,8,1,68,69,59,57,42,52,20,22,2.8320123990395E-19,,
,3520,32,0,36,4,0,4,10,1,0,17,13,0,10,0,5,18,0,8,3,6,0,1,58,84,79,61,17,32,56,52,1.25794061756387E-12,,
,6157,23,0,19,0,3,1,3,0,12,0,26,15,19,0,2,10,0,3,0,6,7,1,55,36,51,57,29,46,54,46,0.0014062997,,
,5870,16,0,10,4,2,0,20,0,20,0,25,10,12,0,16,17,0,9,0,1,3,1,63,57,53,62,27,47,38,43,1.5040484862778E-07,,
,3800,7,1,0,8,0,3,23,0,25,0,21,7,22,0,1,7,4,0,0,8,11,1,55,45,72,49,26,40,33,42,9.35762258046158E-12,,
,5637,16,0,13,0,1,10,17,0,5,0,17,13,16,0,5,16,5,0,6,8,0,1,62,55,62,51,29,34,44,57,0.3356108619,,
,7460,26,0,19,0,2,1,0,12,16,0,19,7,18,0,10,16,0,9,0,3,0,1,47,42,47,70,33,49,55,31,1.15482206292537E-15,,
,6910,11,0,3,0,0,3,12,0,18,0,21,5,26,0,17,19,0,9,3,1,0,1,47,45,50,50,24,40,25,21,1.23684831233271E-11,,
,6605,8,7,0,2,1,0,15,0,23,10,44,0,10,0,0,8,0,3,6,0,1,1,74,49,45,54,58,61,45,16,6.47021955926137E-24,,
,7152,19,0,12,0,2,5,9,0,18,0,23,8,21,0,3,11,3,0,2,2,0,1,58,41,54,50,30,36,42,36,2.7383936125458E-08,,
,2298,18,0,7,3,8,0,4,0,7,0,20,14,16,0,15,22,0,5,9,2,0,1,59,56,43,58,37,50,37,35,2.66268943765322E-09,,
,5262,0,5,1,2,9,0,5,0,24,11,25,0,18,0,9,17,0,1,0,0,2,1,39,35,36,36,39,58,35,15,2.11513101227566E-17,,
,1242,0,0,2,0,12,10,12,0,11,1,13,0,37,16,0,9,4,0,10,15,0,1,67,48,69,32,55,50,62,61,0.0295150016,,
,62,20,0,20,0,0,7,5,0,10,0,28,9,20,3,0,11,0,1,3,2,0,1,59,42,47,50,34,42,53,39,2.05579131473778E-07,,
,5543,15,8,0,0,3,5,9,0,19,9,24,0,16,0,3,8,0,8,14,0,6,1,65,55,49,42,49,49,27,12,9.60224087069265E-22,,
,5839,19,0,9,1,1,0,22,0,11,0,22,8,22,0,8,12,0,7,0,1,3,1,64,54,65,51,23,38,33,41,2.75980911926715E-09,,
,4956,7,5,0,9,9,0,8,0,14,16,22,0,21,0,8,19,0,15,4,0,9,1,50,63,61,46,40,64,31,17,2.73265629724331E-19,,
,6312,14,0,7,0,0,1,24,0,12,0,21,5,21,0,8,16,0,11,2,0,3,1,61,56,59,43,23,40,28,36,1.21602917419817E-09,,
,1696,13,0,12,1,0,1,8,0,24,0,20,20,22,0,25,11,1,0,7,5,0,1,49,40,50,65,28,31,38,46,5.60279406163849E-07,,
,7413,14,0,11,0,10,11,5,0,10,0,25,14,24,1,0,14,0,4,2,0,3,1,57,36,43,39,38,53,47,41,1.10506061916017E-05,,
,717,19,0,13,0,2,5,0,5,14,0,25,13,20,5,0,12,0,2,0,2,5,1,51,36,41,51,37,54,52,35,4.53700150752551E-07,,
,5035,18,0,13,0,0,6,4,0,8,0,26,14,27,0,8,10,0,4,4,4,0,1,52,36,53,56,30,36,43,35,0.000000071,,
,3154,17,0,12,2,3,0,8,0,16,2,22,0,20,0,10,19,0,8,2,0,4,1,52,50,49,51,27,48,37,23,1.61881049678255E-11,,
,2029,10,0,13,0,2,0,23,0,8,0,18,10,30,0,13,12,0,6,3,2,0,1,56,48,65,43,23,32,35,50,3.05864467515214E-05,,
,7134,6,1,0,12,5,0,13,0,21,14,23,0,20,0,13,10,0,12,2,0,6,1,49,57,65,54,31,45,28,18,3.87263338156252E-19,,
,6674,17,0,20,4,5,0,12,0,10,0,18,4,17,0,10,23,0,12,4,0,3,1,56,60,50,49,27,49,43,41,5.50159736411781E-07,,
,4195,0,1,8,7,10,0,18,0,3,8,16,0,32,0,10,12,0,10,0,3,3,1,44,45,68,36,27,42,37,39,2.54366564700611E-11,,
,1232,16,7,0,0,4,9,15,0,16,0,26,11,22,5,0,5,0,1,4,0,5,1,70,45,53,42,46,52,35,35,6.30511640276234E-14,,
,6316,21,0,8,0,2,13,9,0,9,0,22,17,21,0,3,11,0,2,0,2,2,1,54,41,53,48,24,37,34,38,8.21208475527378E-06,,
,3666,21,0,5,0,0,2,3,0,14,0,22,10,17,8,0,17,2,0,0,1,6,1,56,49,44,46,32,53,38,29,1.78874889815181E-10,,
,1324,7,0,11,3,0,4,9,0,20,8,27,0,16,0,4,16,0,12,6,0,5,1,49,49,43,41,33,48,38,20,1.07295499781093E-11,,
,6221,4,0,9,0,11,9,0,0,12,0,9,1,28,3,0,13,1,0,17,12,0,1,45,37,45,26,41,36,45,37,0.0111113086,,
,3212,20,0,15,0,0,4,2,0,11,0,17,7,23,0,9,23,0,6,0,1,0,1,39,45,46,47,17,40,33,25,1.85412886643362E-08,,
,6817,21,19,0,0,1,14,10,0,10,0,22,25,15,3,0,2,6,0,0,7,8,1,63,36,59,56,51,55,39,52,0.0016380868,,
,3842,16,0,14,0,1,9,9,0,13,0,29,11,21,2,0,10,0,1,1,1,0,1,58,38,47,46,33,42,47,38,2.06107187149582E-07,,
,7165,15,0,7,0,7,0,11,0,19,0,17,1,15,0,10,22,0,3,4,0,1,1,54,52,41,42,28,47,31,26,6.08525079251203E-11,,
,1733,22,0,14,11,4,0,9,0,8,0,20,9,20,0,4,6,1,0,0,13,9,1,56,48,76,71,25,39,52,50,5.07489464622993E-10,,
,2708,12,0,14,6,1,0,17,0,23,2,20,0,22,0,2,6,0,7,0,1,8,1,50,43,60,41,21,35,36,33,1.87944340150215E-10,,
,3535,12,0,10,11,0,11,0,5,20,7,16,0,22,0,11,12,0,3,7,5,0,1,35,49,57,60,28,33,36,15,2.72671775623003E-18,,
,2128,7,7,0,0,8,9,5,0,17,6,22,0,15,3,0,15,0,9,14,0,9,1,59,50,33,29,54,64,33,16,1.41556066656137E-19,,
,903,16,0,10,0,3,0,24,0,31,0,20,20,16,0,23,1,0,0,0,3,4,1,63,41,59,62,23,28,36,60,3.4671091429,,
,4743,24,0,13,5,0,1,7,0,10,0,15,11,28,0,21,9,0,1,2,9,0,1,48,47,73,74,17,24,37,40,1.25296746185868E-13,,
,6352,18,0,7,2,0,2,16,0,18,0,23,10,15,0,1,20,0,3,1,0,5,1,58,57,51,44,24,48,30,33,0.000000001,,
,4762,25,0,30,5,0,4,0,3,4,15,16,0,25,0,9,14,0,12,0,6,3,1,41,59,76,64,19,36,55,36,4.24832797356292E-16,,
,5913,22,0,14,1,0,2,4,0,9,15,22,0,20,0,4,19,0,13,6,0,3,1,54,67,62,49,28,44,36,18,5.20778403936708E-20,,
,3483,12,0,0,8,0,9,6,0,5,0,24,8,26,0,9,9,0,10,13,2,0,1,55,48,54,55,37,33,26,16,4.87515467682176E-16,,
,5862,17,0,9,0,7,3,23,0,8,0,19,11,22,0,3,10,0,2,0,1,2,1,66,50,63,40,26,38,36,51,2.91394519695609E-05,,
,5698,15,0,0,1,0,4,0,1,13,0,20,9,21,7,0,22,4,0,0,3,5,1,46,45,44,44,32,55,35,23,1.26616051788144E-12,,
,2052,12,0,10,0,6,8,2,0,16,0,23,4,16,0,8,20,0,2,5,3,0,1,48,39,33,46,34,49,42,25,2.66112372671191E-09,,
,3733,24,0,17,1,0,4,12,0,11,0,21,13,18,2,0,18,0,2,0,1,3,1,59,57,56,47,23,44,41,45,7.01635234737028E-05,,
,2787,21,19,0,0,8,7,11,0,12,0,24,21,10,4,0,9,19,0,0,5,1,1,87,45,66,69,74,65,60,68,5.60278365085733E-07,,
,4136,21,0,12,0,6,4,15,0,7,0,21,3,15,3,0,12,0,2,10,0,0,1,76,61,51,42,40,42,42,39,8.53304501534724E-15,,
,7304,12,0,15,0,6,3,10,0,16,0,17,4,27,0,17,11,2,0,9,8,0,1,56,42,59,56,34,34,48,45,7.56215884940257E-05,,
,4626,26,0,14,0,2,6,5,0,10,0,25,13,18,0,0,14,0,3,1,0,1,1,59,46,49,51,28,42,41,34,1.38826243274942E-09,,
,6612,14,0,12,1,0,2,25,0,11,0,18,4,26,0,12,14,0,10,0,0,1,1,57,54,66,45,18,33,30,41,1.38861448484039E-09,,
,3614,21,0,17,0,5,10,4,0,15,0,28,18,14,0,0,12,1,0,0,0,0,1,59,37,40,50,34,45,51,45,8.31145942000253E-05,,
,6575,8,0,9,0,2,2,11,0,12,13,22,0,27,0,9,15,0,10,0,13,13,1,43,47,72,52,24,52,46,35,8.53304759040395E-15,,
,7519,20,0,20,2,0,10,11,0,2,0,15,10,25,0,4,11,0,1,8,6,0,1,54,52,64,47,23,26,41,47,4.13972399707434E-06,,
,5719,14,0,5,6,0,2,24,0,14,0,23,6,17,0,4,10,0,8,6,0,4,1,67,60,61,47,29,37,28,35,1.26213710714019E-12,,
,5832,26,0,16,0,2,0,7,0,13,0,23,13,16,0,14,18,0,6,2,1,0,1,60,53,50,64,27,43,42,39,1.36379175606554E-09,,
,7172,10,0,16,12,0,9,9,0,13,0,24,0,25,1,0,7,0,1,3,3,0,1,47,42,59,49,28,32,44,29,9.35713741345104E-12,,
,5803,17,0,8,1,7,0,10,0,15,0,23,9,12,0,7,18,0,2,0,7,9,1,57,46,47,55,30,57,45,41,0.00000527,,
,4382,21,0,8,4,10,0,14,0,13,0,17,2,18,0,12,14,0,7,0,4,5,1,62,53,61,58,27,46,39,38,2.72313632476896E-09,,
,7388,12,0,7,0,6,2,10,0,16,0,16,20,30,0,13,5,0,2,11,0,3,1,55,38,52,41,33,30,29,43,0.0005852779,,
,879,8,0,1,0,14,13,11,0,11,0,13,3,19,0,4,25,0,14,9,0,10,1,55,53,38,25,36,62,28,29,4.65406782678747E-13,,
,6291,8,0,16,3,1,0,16,7,0,12,21,0,18,0,6,12,0,12,12,5,0,1,58,63,62,50,41,41,50,38,0.000000001,,
,6148,24,0,18,0,0,1,8,0,9,0,28,12,24,0,0,10,1,0,2,4,0,1,63,44,61,57,31,38,51,43,1.81149327937596E-07,,
,984,16,0,10,2,0,3,24,0,10,0,17,6,22,0,0,7,0,9,0,3,9,1,57,49,67,38,17,33,30,43,3.77496310358325E-09,,
,6702,25,0,15,0,1,12,0,1,10,0,17,11,18,0,1,12,5,0,3,5,0,1,51,40,53,54,27,31,44,37,2.92015263590974E-06,,
,3974,16,0,13,3,0,7,17,0,7,0,19,8,25,0,10,13,0,9,3,2,0,1,55,52,63,50,22,32,34,40,1.02582438560748E-08,,
,7469,21,0,14,2,0,5,8,0,8,0,29,15,23,3,0,9,6,0,2,5,0,1,69,45,65,63,40,41,57,51,0.000001492,,
,381,30,0,24,6,4,0,9,0,0,13,18,0,19,0,5,0,0,7,0,12,7,1,61,58,89,71,22,29,58,49,4.24835419058601E-16,,
,5456,4,0,6,9,0,6,0,7,8,29,22,0,10,4,0,13,16,0,22,17,0,1,68,81,85,75,71,46,72,43,5.64584106741775E-17,,
,6861,0,8,12,0,16,23,8,0,10,10,6,0,0,21,13,4,0,11,9,0,13,2,60,52,18,19,60,68,55,57,0.0016690185,0.0384799801,Market Share of New Product in Cluster-1
,4129,1,4,0,8,0,51,8,0,4,6,0,2,2,6,0,0,12,10,13,5,0,2,40,42,42,26,35,10,23,33,0.00577661,,
,445,0,17,19,0,19,21,0,12,1,0,5,11,0,14,17,0,0,12,0,1,9,2,38,14,1,35,67,76,70,64,0.0006128228,,
,7156,0,3,14,0,11,26,12,0,13,1,14,0,2,11,0,8,0,10,12,0,10,2,60,44,15,14,51,57,50,48,0.0005851842,,
,4465,8,0,15,5,0,2,10,30,0,2,3,0,9,3,0,0,17,33,0,4,1,2,41,28,55,67,53,37,72,49,1.01931979241887E-08,,
,4305,0,11,19,0,24,17,0,0,5,10,5,0,6,7,0,9,0,15,0,3,19,2,36,26,19,8,47,75,58,53,2.78946797660665E-08,,
,2590,0,13,11,0,9,19,2,0,11,7,17,0,0,12,7,14,0,17,9,0,11,2,49,44,9,24,60,76,49,34,5.74952161724845E-17,,
,4485,12,18,0,0,10,16,14,0,3,0,19,31,3,6,0,1,0,4,6,0,11,2,67,39,29,31,59,65,35,61,0.2177879251,,
,1868,0,10,14,20,0,23,0,0,4,14,14,0,0,25,17,0,10,14,6,1,0,2,55,65,45,62,65,49,64,50,1.26525524443146E-05,,
,2588,3,22,0,0,25,22,0,1,4,0,2,4,0,3,9,20,0,18,15,0,15,2,48,41,3,15,68,88,31,32,4.78089287403131E-23,,
,387,0,14,1,20,15,0,12,0,9,0,4,8,0,15,12,11,16,0,15,0,9,2,77,73,48,52,79,68,51,67,0.0005399906,,
,7187,0,17,1,8,0,6,9,9,0,23,0,11,0,23,22,0,14,11,5,2,0,2,51,68,56,55,68,49,49,60,0.0167702476,,
,3570,6,13,0,0,1,13,0,7,5,0,5,19,0,14,0,15,0,14,0,17,20,2,26,35,23,35,40,75,44,51,3.77513454413645E-09,,
,5575,0,23,11,1,3,0,5,7,0,23,0,4,0,27,28,0,6,11,1,0,3,2,42,57,35,42,67,63,54,56,0.0016400264,,
,1729,0,24,8,0,33,26,1,4,0,11,0,12,0,3,1,11,0,9,9,0,12,2,46,35,12,5,73,87,48,57,9.35761518771353E-12,,
,4448,3,21,0,0,1,5,4,8,0,16,0,22,18,0,6,5,23,0,1,0,3,2,32,29,64,40,54,38,32,50,0.000083149,,
,7201,6,0,2,16,0,25,13,5,0,13,0,4,0,0,11,14,0,6,0,19,11,2,19,62,67,57,5,30,26,38,2.52652733593144E-11,,
,6502,0,15,8,0,15,14,10,0,16,3,20,0,5,3,0,11,0,14,13,0,14,2,61,40,18,20,66,78,46,36,5.74948670020111E-17,,
,2911,0,21,6,0,27,21,0,7,7,7,0,8,0,6,4,14,0,13,11,0,16,2,44,38,7,11,72,91,46,47,7.7811321975377E-18,,
,6421,20,14,0,0,13,14,18,0,7,0,7,4,0,11,12,0,16,8,0,13,10,2,85,49,67,68,61,55,60,75,0.0045397866,,
,5646,0,24,0,0,6,8,2,3,0,4,0,10,0,21,14,0,4,5,0,20,28,2,33,27,30,41,58,82,54,63,5.60279640593055E-07,,
,3655,0,17,10,0,31,25,0,0,7,12,0,11,0,5,6,15,0,9,7,0,14,2,43,39,12,6,60,82,46,57,1.38879438608971E-09,,
,1574,2,0,12,0,3,9,0,8,11,11,14,0,0,17,1,10,0,19,0,1,17,2,36,40,14,26,42,69,55,33,2.31952090149036E-14,,
,3711,1,29,0,0,7,1,1,3,0,13,0,4,0,22,30,0,7,13,6,0,5,2,44,43,22,41,74,66,39,41,4.65732378702617E-13,,
,5691,0,17,4,0,14,7,0,3,12,0,7,4,0,10,15,10,0,19,1,0,16,2,32,21,0,25,52,77,38,32,2.86251858050964E-18,,
,2316,1,0,10,0,20,1,1,0,0,25,22,0,8,9,0,0,6,1,30,2,0,2,89,66,43,31,87,51,69,48,1.37658206296638E-16,,
,807,0,21,3,0,9,6,3,0,9,1,0,0,0,25,43,0,0,11,0,1,6,2,37,29,5,44,55,61,38,41,2.05605707683803E-07,,
,3125,0,10,23,0,12,22,0,0,6,0,11,1,0,9,7,10,0,17,12,0,9,2,44,31,0,18,54,61,55,45,1.12154881285035E-05,,
,707,0,21,1,5,5,0,19,0,0,17,4,0,0,21,21,0,5,11,3,0,6,2,57,65,46,35,59,57,36,51,8.28917203381686E-05,,
,534,0,23,1,0,13,24,3,0,1,1,3,0,0,23,17,0,5,3,0,16,18,2,47,27,25,41,67,80,61,61,5.60278371061795E-07,,
,5573,0,16,14,0,16,9,7,0,18,0,7,6,0,6,21,0,1,5,0,12,16,2,37,13,20,41,46,61,56,62,72.9736153781,,
,3819,0,16,25,4,17,0,7,2,0,12,0,12,19,0,8,0,16,11,0,4,1,2,40,23,62,34,51,36,64,81,99.9999952998,,
,308,0,25,13,4,0,18,0,7,0,0,10,8,0,16,11,0,4,14,10,0,4,2,40,30,8,36,72,62,50,41,3.44232082638585E-12,,
,3514,6,15,0,16,21,0,21,8,0,1,18,0,3,12,0,1,0,6,3,0,8,2,81,60,47,48,77,83,59,54,2.23557239398847E-11,,
,3953,1,16,0,0,38,36,3,0,2,0,2,6,6,5,0,15,0,13,11,0,16,2,60,35,10,3,72,92,45,52,4.24835424653502E-16,,
,7173,0,30,10,0,5,14,14,0,10,4,5,0,0,16,23,2,0,7,7,0,4,2,47,43,18,28,63,62,36,45,1.11340062879825E-06,,
,1555,9,0,17,4,15,0,12,5,0,0,18,20,0,23,11,0,6,7,0,0,6,2,83,48,31,53,67,67,84,93,99.9831218748,,
,3833,0,12,12,0,10,6,22,3,0,11,0,11,6,3,0,0,31,20,9,4,0,2,75,45,74,38,68,28,63,93,99.9999979153,,
,5043,7,15,0,16,0,15,0,7,5,4,0,8,19,0,0,7,6,0,28,5,0,2,41,62,57,41,56,29,18,19,2.09581454224867E-17,,
,3507,0,17,6,6,0,0,20,0,4,10,0,5,0,13,26,0,4,16,3,0,6,2,40,52,40,36,37,36,23,48,1.798598354,,
,3962,0,27,0,0,8,19,6,0,1,0,11,10,0,12,10,0,9,16,0,3,10,2,46,18,18,33,67,68,43,48,1.50682403496492E-07,,
,2338,0,25,11,4,8,0,5,4,0,22,0,7,0,18,19,0,16,17,0,1,5,2,47,49,48,44,71,60,58,66,0.6692724863,,
,2403,0,10,18,0,11,21,3,0,10,0,12,0,0,12,7,11,0,16,7,0,12,2,45,33,3,19,52,68,53,44,3.775132964092E-09,,
,5400,0,4,10,0,3,20,4,0,18,0,18,0,0,7,11,16,0,12,7,0,5,2,39,34,4,29,39,53,38,24,2.54366062466323E-11,,
,1176,4,0,13,7,0,12,5,0,16,10,17,0,5,0,12,6,0,16,11,0,13,2,37,43,31,40,28,36,30,18,1.31865961181796E-09,,
,7415,0,24,26,4,3,0,23,0,4,0,9,16,5,15,0,0,3,4,5,0,13,2,58,47,35,16,59,64,56,86,99.9999999718,,
,985,10,29,0,2,0,7,2,4,0,7,0,3,0,12,15,0,15,24,0,8,15,2,39,33,44,54,60,60,39,40,1.0293010603389E-07,,
,2569,0,13,27,3,9,0,0,5,0,17,0,20,0,15,29,3,0,7,4,0,2,2,28,42,20,37,46,47,56,71,99.9999694046,,
,1676,25,31,0,0,10,11,7,0,13,0,13,13,10,2,0,1,7,0,0,10,15,2,64,35,59,55,63,72,42,49,1.02571492984287E-08,,
,6237,15,24,0,0,13,17,17,0,9,0,10,19,15,0,0,2,2,0,4,0,7,2,61,38,49,27,53,56,25,51,0.0045078746,,
,6669,19,32,0,0,5,8,16,0,11,0,11,4,0,8,6,0,7,12,0,3,14,2,66,43,45,46,63,70,34,43,1.84407188579597E-10,,
,2857,8,17,0,0,7,14,12,0,8,0,10,10,0,13,5,0,9,2,0,21,25,2,59,33,50,53,56,72,60,72,49.9997869269,,
,7355,1,0,3,13,0,37,11,4,0,0,16,4,6,4,0,0,10,24,0,4,1,2,42,29,45,48,34,25,41,36,0.0005833936,,
,3225,3,5,0,15,0,18,0,13,6,14,0,15,8,22,0,5,0,14,0,5,12,2,25,59,45,36,40,57,40,42,3.64644220574776E-06,,
,6858,0,14,0,0,13,8,8,0,11,0,4,0,0,17,3,0,18,16,22,0,23,2,82,47,26,25,88,71,52,56,1.26328513183989E-12,,
,3762,0,15,19,0,20,19,0,11,5,0,9,13,0,16,17,1,0,10,0,4,10,2,45,17,4,41,71,82,79,72,0.004324424,,
,2459,0,8,2,0,29,20,3,0,10,0,9,5,6,0,2,23,0,14,7,0,14,2,48,33,9,11,53,83,40,39,7.78113224113306E-18,,
,5429,0,13,9,0,9,16,6,0,13,0,20,13,0,17,9,2,0,7,7,0,12,2,59,32,6,29,66,73,55,54,5.59768723624466E-07,,
,7501,8,0,10,34,0,17,0,0,10,7,0,6,0,17,3,9,18,0,5,4,0,2,48,80,71,67,40,26,49,55,1.38861987843156E-09,,
,206,10,19,0,0,11,15,19,0,10,5,6,0,0,16,17,5,0,3,0,14,20,2,62,55,48,47,52,77,47,60,4.13993627976412E-06,,
,4459,0,4,10,0,17,14,2,0,6,11,17,0,0,18,10,13,0,14,0,6,18,2,54,44,19,33,56,87,68,53,1.71390842193926E-13,,
,6189,0,17,1,0,5,0,7,13,0,23,0,4,0,28,25,0,10,13,0,0,2,2,50,58,40,48,73,65,57,55,1.522486576693E-06,,
,7191,0,23,2,0,20,15,0,2,8,0,2,17,1,0,10,0,2,7,0,8,16,2,24,0,11,24,49,63,36,49,8.31527336224283E-05,,
,6881,9,11,0,10,0,16,0,6,11,0,17,18,0,14,1,15,0,10,0,1,16,2,40,48,20,44,48,79,38,33,1.05306173575531E-18,,
,1730,0,10,16,8,16,0,3,8,0,12,0,5,0,10,23,0,5,13,0,12,12,2,34,33,40,56,49,56,67,67,49.9991645481,,
,298,0,21,3,4,5,0,0,6,2,19,0,13,0,24,29,0,9,14,4,0,6,2,42,51,32,48,69,62,47,54,3.05623529453913E-05,,
,7192,0,14,13,0,5,21,1,0,8,6,11,0,0,20,12,8,0,14,13,0,10,2,50,48,7,23,63,68,49,39,2.52664121493957E-11,,
,4424,2,0,10,5,0,7,12,4,0,6,0,0,14,0,21,0,18,36,7,2,0,2,39,32,59,52,29,4,34,42,4.13616584391999E-06,,
,6373,11,20,0,20,0,8,0,23,14,0,5,2,5,0,4,12,0,6,16,2,0,2,32,59,38,65,64,60,30,4,2.3392268641287E-25,,
,4421,13,26,0,0,16,12,8,0,21,0,3,2,8,0,8,11,4,0,0,15,5,2,44,32,48,43,49,61,38,45,1.12534209872419E-05,,
,7189,1,3,0,15,0,29,7,0,19,12,19,0,0,14,5,0,12,11,3,0,1,2,56,52,47,52,51,37,45,33,9.83400839724466E-09,,
,4908,0,0,2,12,9,0,18,0,1,12,14,0,0,7,1,29,0,23,5,0,17,2,53,83,42,27,35,76,32,36,3.8704682185201E-19,,
,2932,0,9,7,0,19,26,14,0,7,11,19,0,1,10,0,5,0,13,8,0,10,2,70,48,26,19,65,72,55,50,2.45498345420323E-08,,
,5633,0,5,19,0,16,26,14,13,0,0,2,9,0,22,10,0,1,2,7,1,0,2,62,43,16,27,66,58,74,82,99.9664535312,,
,7180,30,23,0,15,0,23,5,0,10,1,0,2,0,10,0,12,10,0,14,0,1,2,69,87,61,55,57,46,20,27,8.75651062928937E-25,,
,2319,0,11,10,5,0,0,0,16,7,22,0,10,0,8,13,7,0,17,16,0,8,2,24,58,27,34,51,50,34,28,9.34596532880979E-12,10.3419952622,Market Share of New Product in Cluster-2
,4393,19,0,15,16,0,3,31,0,20,0,7,13,6,0,8,0,4,8,1,5,0,3,62,67,81,59,12,7,31,68,0.0002260322,,
,2478,17,0,0,10,2,0,34,0,8,0,12,6,0,0,12,9,0,4,0,6,4,3,65,70,67,57,14,27,20,48,2.64022345309912E-08,,
,5520,24,1,0,5,2,0,32,0,19,0,16,11,12,0,3,2,0,2,0,2,9,3,74,63,75,50,19,30,20,47,5.05480880912017E-11,,
,301,14,7,0,1,0,0,28,0,19,0,19,14,2,0,14,10,2,0,0,2,13,3,63,53,49,52,28,49,23,46,4.13967358241089E-06,,
,3950,21,0,1,6,0,2,27,0,3,0,16,5,5,0,5,18,0,15,0,2,7,3,64,72,61,50,16,41,19,35,8.53004364626993E-15,,
,166,1,0,1,0,5,4,41,0,8,13,18,0,16,0,5,8,1,0,0,10,5,3,66,63,82,35,24,36,35,58,3.7751340981499E-09,,
,382,11,0,12,0,2,4,38,1,0,7,0,4,0,5,9,17,0,12,0,8,13,3,56,78,64,29,8,38,28,69,0.0123394473,,
,5320,17,0,25,11,10,0,27,0,19,3,3,0,15,0,6,12,2,0,0,5,6,3,59,70,80,44,15,31,45,69,0.0016700664,,
,4614,21,28,0,0,7,9,25,0,8,0,10,13,0,6,5,1,6,0,0,9,12,3,75,53,61,51,57,64,38,66,0.0123392411,,
,2024,15,0,8,8,0,0,43,0,14,0,3,7,0,0,13,6,5,0,0,9,5,3,66,72,80,53,8,14,25,72,0.033523743,,
,3373,14,0,22,10,7,0,39,0,13,5,0,5,4,9,0,0,5,4,5,0,10,3,79,82,77,29,26,26,43,87,99.293150968,,
,5701,24,0,12,3,0,4,40,0,4,0,9,13,0,3,6,9,0,8,3,0,4,3,79,82,67,42,15,25,24,68,7.92091885306297E-05,,
,3595,0,11,1,0,2,0,21,0,5,6,19,0,0,4,19,0,3,8,0,19,13,3,49,31,49,60,39,49,48,50,0.0045395315,,
,1223,17,9,0,0,9,12,47,0,10,0,10,7,0,0,4,6,7,0,1,3,0,3,91,71,74,41,36,34,29,73,0.000001523,,
,4643,0,2,4,0,5,4,49,0,13,3,9,0,0,17,9,4,3,0,0,6,11,3,83,73,61,27,36,48,44,84,73.1049652516,,
,1743,16,0,22,1,0,8,40,5,0,2,0,2,0,3,3,8,0,18,2,0,6,3,61,72,59,25,10,22,30,67,0.6692724866,,
,6814,15,0,7,0,1,0,40,0,7,0,19,12,15,0,5,9,0,2,0,2,2,3,75,64,72,41,20,31,29,62,0.0002153092,,
,4181,3,0,0,5,0,6,44,0,9,20,13,0,5,0,6,8,0,6,0,14,14,3,60,80,91,41,13,35,27,58,4.65880833508036E-13,,
,389,23,0,26,8,0,9,26,2,0,16,13,0,8,0,3,0,0,5,10,7,0,3,72,83,88,56,25,15,48,59,2.52664098996417E-11,,
,2062,19,13,0,5,0,5,35,0,6,0,0,1,5,0,14,0,0,5,0,20,11,3,54,59,84,58,13,24,20,56,6.91440010680342E-11,,
,7308,13,4,0,0,20,0,29,0,18,0,4,4,3,6,0,0,24,8,4,0,4,3,100,52,69,41,62,38,54,83,4.13993754739419E-06,,
,1595,0,3,3,0,0,15,44,0,11,4,11,0,6,6,0,6,0,9,10,0,8,3,71,70,54,11,30,34,20,53,1.11340068837924E-06,,
,489,0,2,1,15,18,0,30,3,0,0,15,9,11,9,0,0,0,6,18,0,10,3,90,72,56,33,65,57,46,67,1.0261879474218E-08,,
,708,12,0,8,6,6,0,38,0,4,0,3,11,0,13,9,7,0,8,3,0,12,3,75,79,56,30,25,41,30,76,4.6612622573,,
,7124,0,0,4,0,1,4,37,0,0,0,8,14,0,14,9,6,0,11,15,0,11,3,75,72,37,17,38,40,27,70,0.6377460922,,
,5855,20,26,0,0,8,12,25,0,6,0,14,17,4,2,0,0,8,9,0,1,8,3,77,47,58,43,58,58,33,61,1.1253516016355E-05,,
,2474,2,5,0,0,2,8,23,0,5,0,6,14,0,8,0,20,0,17,0,3,22,3,41,53,28,11,21,63,19,50,0.0002260222,,
,6641,6,5,0,6,5,0,49,0,18,2,17,0,13,0,2,0,8,6,2,0,0,3,87,65,84,39,37,27,30,62,1.32292959968368E-09,,
,4323,11,7,0,1,0,4,45,0,15,0,11,10,0,7,14,8,5,0,0,8,7,3,79,72,70,50,30,40,31,75,1.796794248,,
,599,19,0,4,16,6,0,21,4,0,0,3,5,11,0,6,0,17,8,0,11,0,3,66,56,95,76,30,13,45,64,3.44247708918148E-12,,
,385,1,5,0,4,0,2,34,4,0,14,5,0,0,24,25,9,0,2,9,2,0,3,73,95,55,41,47,47,35,60,6.30511675838819E-14,,
,6225,5,0,4,7,0,11,35,0,18,0,5,10,6,0,13,6,0,15,7,0,10,3,52,60,53,30,12,21,9,49,0.0016680616,,
,5481,3,0,12,0,9,12,43,0,24,0,20,15,1,0,2,0,5,4,3,0,5,3,83,49,52,30,37,34,46,84,73.105857863,,
,5353,15,0,0,6,0,0,41,0,3,0,3,3,0,11,11,10,1,0,0,12,13,3,71,83,75,48,15,37,27,68,3.05797764349543E-05,,
,6013,16,0,11,17,11,0,21,0,6,5,11,0,0,14,12,17,0,1,0,2,4,3,73,90,61,58,36,57,49,59,3.44247696595252E-12,,
,4794,3,0,8,11,0,5,29,0,7,0,19,12,22,0,9,0,3,0,3,8,0,3,57,46,76,53,25,19,38,60,1.12535161413025E-05,,
,1712,27,0,34,0,3,0,23,0,4,16,0,3,4,0,7,13,7,0,1,4,0,3,61,80,81,45,11,16,48,74,0.0666195021,,
,2204,19,0,12,10,3,0,19,0,6,0,16,4,13,0,10,4,0,4,0,18,14,3,57,52,79,73,19,37,49,56,1.02365058665776E-08,,
,7169,15,0,16,28,0,11,12,0,0,2,8,0,3,0,4,0,14,2,6,17,0,3,55,63,91,86,28,8,55,59,1.25794061769848E-12,,
,5786,11,0,1,0,6,6,37,0,18,0,16,5,10,0,12,11,0,4,0,6,7,3,70,59,64,45,22,40,29,55,3.05140762455453E-05,,
,3214,19,0,16,10,0,9,22,0,18,0,6,2,4,0,13,4,0,7,0,22,23,3,47,55,77,70,6,33,44,62,3.05623534336384E-05,,
,5619,1,0,11,0,6,4,40,2,0,4,0,2,15,0,1,14,0,14,0,1,9,3,47,59,61,5,8,31,20,60,24.4728335679,6.7774500983,Market Share of New Product in Cluster-3
,7393,20,0,4,9,3,0,0,0,11,0,13,6,9,0,23,17,0,8,0,6,3,4,36,46,44,71,16,36,26,19,2.61027906962654E-21,,
,6773,1,5,0,0,3,4,9,0,24,0,9,2,0,11,35,15,0,15,0,1,8,4,33,36,11,46,28,51,24,26,1.37949895250415E-09,,
,5785,17,5,0,9,3,0,17,0,13,0,14,6,1,0,25,13,0,11,0,5,5,4,51,56,49,70,22,40,22,31,1.15482144968839E-15,,
,6321,15,6,0,0,3,1,19,0,16,0,10,8,0,6,24,18,1,0,0,11,8,4,54,58,46,61,26,51,31,48,0.0002151164,,
,4263,13,5,0,12,13,0,0,1,4,0,13,13,2,0,30,22,0,16,0,5,5,4,39,47,32,74,32,59,32,31,2.11513039056381E-17,,
,3004,14,0,26,18,5,0,10,3,0,0,4,12,0,7,17,12,0,3,5,4,0,4,45,66,46,60,24,31,49,64,11.8943231288,,
,6778,17,0,24,5,0,10,12,0,11,0,8,8,4,0,21,20,0,14,4,1,0,4,41,58,39,52,12,28,33,45,0.0002254735,,
,6172,14,0,10,2,8,0,0,3,17,0,6,1,1,0,24,16,0,13,0,12,14,4,28,32,29,61,17,47,39,31,9.35761518510071E-12,,
,4829,0,10,1,0,10,13,21,0,13,0,10,10,0,8,27,14,0,13,2,0,6,4,51,45,21,37,40,58,29,50,0.033504395,,
,6100,10,0,8,12,16,0,14,0,17,0,9,6,16,0,15,25,0,10,2,0,8,4,51,63,52,46,27,58,33,44,5.5651712059173E-07,,
,5555,9,0,24,2,0,1,0,10,10,27,6,0,12,0,18,9,0,8,11,7,0,4,26,58,57,52,27,25,47,31,1.37154352675832E-10,,
,1129,0,5,13,0,3,9,0,14,10,2,0,0,0,1,19,30,0,4,0,13,3,4,4,33,15,46,23,56,44,30,5.10882569747514E-10,,
,3485,12,0,1,2,9,0,15,0,8,0,13,11,0,15,33,13,0,11,0,2,5,4,64,57,31,62,37,55,40,53,0.0014697191,,
,3014,5,4,0,12,0,11,0,9,19,10,5,0,0,12,37,4,2,0,13,14,0,4,37,56,43,84,45,34,42,28,4.78089288388216E-23,,
,4668,20,16,0,17,0,1,0,2,3,11,0,1,4,0,20,6,0,22,7,0,7,4,27,61,52,59,25,31,2,1,7.71187082045786E-25,,
,3996,19,0,12,11,7,0,11,0,19,0,10,6,1,0,19,12,0,3,0,9,8,4,47,53,51,68,17,37,38,45,1.02618760588994E-08,,
,7447,1,6,0,0,18,5,7,0,9,0,14,7,2,0,21,15,0,7,17,1,0,4,57,40,11,37,55,53,33,33,3.27233683032965E-09,,
,4491,0,10,13,24,0,7,0,18,13,7,0,10,10,0,12,17,0,0,5,7,0,4,5,53,48,61,33,45,38,30,3.44131450993208E-12,,
,6494,0,5,15,4,18,0,0,1,3,0,1,7,21,0,32,4,0,11,0,14,10,4,19,8,39,52,25,39,49,54,87.5600126007,,
,3967,16,0,0,5,3,0,23,0,14,0,17,14,4,0,23,9,0,3,0,8,4,4,59,53,56,69,20,33,28,48,7.5821981993674E-08,,
,3028,13,0,3,0,1,13,7,0,13,0,13,0,0,20,16,18,0,8,11,0,7,4,65,69,20,42,45,59,37,31,3.08253426070566E-15,,
,5850,5,15,0,0,11,4,0,2,18,3,0,5,0,9,23,19,0,4,0,9,3,4,25,36,17,39,37,59,31,34,1.38879438308372E-09,,
,748,5,13,0,0,5,3,11,0,19,0,19,23,0,6,27,5,3,0,0,8,6,4,49,27,27,62,46,54,41,56,0.2471790161,,
,5856,13,5,0,19,8,0,5,0,9,0,9,12,7,0,28,16,0,12,3,0,0,4,38,56,44,69,25,38,17,25,7.78111465314293E-18,,
,6550,17,1,0,12,8,0,13,0,7,0,14,12,4,0,27,13,0,8,3,4,0,4,55,58,50,74,26,36,26,37,8.53304661734511E-15,,
,2054,4,12,0,0,16,8,6,0,25,0,9,12,0,3,26,0,1,4,4,0,5,4,43,17,11,40,45,45,29,38,0.0425519483,,
,6351,0,9,3,0,13,9,18,0,6,0,2,5,0,7,27,9,0,18,0,4,11,4,40,34,22,33,31,51,29,50,26.8938126063,,
,3617,7,0,13,12,12,0,10,0,14,0,18,17,0,0,21,17,0,0,3,4,0,4,50,49,33,62,33,47,47,56,0.2472600918,,
,1283,19,0,6,14,5,0,3,0,9,0,9,5,8,0,25,18,0,8,0,5,1,4,36,54,49,72,14,33,25,24,1.42516406088947E-19,,
,6970,10,1,0,13,9,0,5,0,14,0,9,1,0,3,34,20,0,15,0,0,1,4,36,51,28,66,22,43,21,18,1.42516364663369E-19,,
,4653,16,0,5,4,0,3,13,0,14,0,22,11,0,1,14,23,0,8,0,6,7,4,52,57,39,62,23,53,34,36,5.07404384105082E-10,,
,4091,19,5,0,4,13,0,5,0,6,0,15,10,5,0,28,8,0,1,0,12,3,4,52,36,45,78,33,44,40,40,3.13913279203197E-15,,
,4967,5,0,1,0,8,6,6,0,19,3,11,0,0,8,39,9,0,10,0,7,4,4,38,31,21,62,27,40,35,30,1.26641655450591E-12,,
,2997,0,0,11,7,0,11,0,22,23,12,0,8,4,0,20,16,0,5,0,8,0,4,0,35,31,57,22,38,41,27,9.35762186069075E-12,,
,5450,2,2,0,0,11,2,4,0,12,0,9,1,0,15,35,21,0,8,0,8,9,4,41,42,14,54,37,67,43,39,6.91438447775583E-11,,
,5406,8,0,7,5,9,0,12,0,19,0,19,10,5,0,19,17,0,6,0,8,9,4,48,42,38,59,28,54,43,46,0.0002245159,,
,73,16,1,0,13,12,0,4,0,5,0,11,7,0,0,27,24,0,9,3,4,0,4,46,60,37,71,27,48,27,27,7.78100228425525E-18,,
,5794,17,3,0,10,7,0,1,0,13,0,15,6,13,0,30,11,0,12,1,3,0,4,41,40,44,75,26,36,25,17,6.47023492564522E-24,,
,3011,24,5,0,0,2,5,18,0,12,0,12,3,13,0,19,19,0,5,0,4,1,4,56,61,59,59,19,39,18,27,1.34170738107023E-13,,
,997,19,0,13,11,3,0,18,0,21,0,17,3,10,0,19,12,0,5,1,2,0,4,58,61,60,68,21,32,35,39,2.54038158299796E-11,,
,3970,4,0,4,11,0,6,0,4,15,0,26,2,0,3,25,2,0,13,2,6,0,4,35,22,21,76,35,35,43,15,3.2213402859925E-25,,
,7500,2,0,1,11,3,0,9,0,9,0,6,11,9,0,27,35,0,9,5,2,0,4,25,62,33,48,14,44,12,26,2.31952086616851E-14,,
,6071,18,9,0,19,14,0,1,0,6,0,21,4,4,0,6,24,0,14,6,0,3,4,60,68,42,64,50,71,35,19,2.48428684081158E-21,,
,6145,1,4,0,1,0,4,17,0,3,7,15,0,0,32,45,0,3,10,1,5,0,4,69,59,34,70,55,51,55,57,0.000165241,2.9516498722,Market Share of New Product in Cluster-4
,964,17,3,0,6,14,0,0,3,24,11,0,6,6,8,0,0,6,14,0,12,7,5,45,42,58,44,34,35,43,46,0.0006144153,,
,5074,0,0,12,0,14,0,3,0,5,6,3,0,0,27,25,5,0,6,0,21,29,5,47,41,30,49,44,78,77,77,21.1941557617,,
,702,13,0,16,13,16,0,2,0,5,8,17,0,4,3,0,32,0,8,0,4,10,5,51,71,44,47,36,78,56,41,8.52527358012051E-15,,
,6024,24,0,8,12,10,0,0,10,6,16,13,0,8,0,10,19,0,18,0,5,8,5,47,71,65,74,33,60,46,23,6.75816528187534E-21,,
,6293,17,0,20,11,11,0,15,0,10,0,19,18,0,13,5,9,0,8,7,0,14,5,82,72,43,52,50,66,63,77,0.6692548331,,
,5837,20,0,19,0,9,3,2,0,13,1,8,0,3,13,0,13,4,0,0,18,24,5,56,49,48,50,34,67,71,65,0.2428257299,,
,5996,18,3,0,0,2,6,8,0,14,0,8,5,0,21,11,13,6,0,0,13,18,5,63,60,45,56,40,65,50,55,0.003974632,,
,5660,13,0,2,7,21,0,0,5,12,0,3,1,8,15,0,19,6,0,0,8,18,5,58,54,42,42,50,81,60,53,6.91440010096976E-11,,
,6758,3,0,15,0,3,5,6,6,0,2,0,1,0,28,8,5,0,11,0,18,32,5,40,44,29,35,37,74,70,71,4.6612622578,,
,7018,23,0,15,5,9,0,12,0,13,0,16,1,10,1,0,13,0,1,0,12,16,5,61,54,62,56,26,55,53,50,0.0004479154,,
,1241,22,0,20,8,9,0,0,2,3,12,9,0,1,7,0,23,6,0,0,4,24,5,53,72,53,51,33,74,57,46,6.09018317939863E-11,,
,7049,35,0,29,5,13,0,11,0,9,12,5,0,4,0,1,9,0,5,0,12,17,5,64,72,79,58,18,44,59,65,0.000083077,,
,4970,13,0,3,0,6,3,13,0,9,0,9,5,0,24,20,17,0,0,0,12,17,5,65,67,38,54,39,73,54,63,0.0045270473,,
,3528,26,0,10,0,0,0,0,10,11,0,6,4,0,20,13,17,1,0,0,19,20,5,53,63,46,75,37,73,66,54,6.67793503788966E-08,,
,616,15,0,6,3,14,0,0,3,20,0,14,4,0,17,15,7,3,0,0,8,13,5,63,42,29,61,51,68,65,52,1.06422575777794E-05,,
,141,12,0,5,6,11,0,1,10,0,13,26,0,2,7,0,0,4,17,0,15,18,5,61,39,53,73,58,72,78,43,6.24753483933486E-14,,
,1173,16,1,0,0,3,12,1,0,13,6,9,0,0,23,10,14,3,0,0,7,14,5,55,60,33,45,39,64,45,37,1.84549953995028E-10,,
,3642,16,0,10,0,5,2,17,0,4,0,7,3,0,25,23,14,0,8,0,10,16,5,70,72,43,56,37,67,57,70,10.5945151827,,
,6450,16,1,0,1,0,10,11,0,11,1,6,0,0,26,10,17,11,0,0,13,15,5,70,72,53,57,44,65,56,61,0.0014698782,,
,4413,21,0,13,2,3,0,0,2,12,0,24,11,0,7,8,21,3,0,0,11,8,5,58,51,37,71,39,65,63,48,1.02330584548771E-08,,
,388,15,0,10,0,7,9,11,0,1,6,10,0,0,29,27,3,1,0,0,24,20,5,73,64,57,77,47,69,81,82,72.7408647653,,
,7211,6,0,3,2,9,0,21,0,11,0,7,6,0,28,15,10,3,0,0,8,19,5,74,67,40,41,47,73,58,78,97.5542857985,,
,3490,22,0,17,0,15,4,4,0,14,11,12,0,0,10,5,8,0,2,0,13,19,5,63,55,50,52,37,64,67,59,0.0313972862,,
,6048,3,0,2,0,9,1,0,15,31,17,16,0,10,0,2,10,12,0,0,19,13,5,40,30,61,67,52,63,73,42,3.43378860320399E-12,,
,1322,28,0,24,2,2,0,0,3,10,12,10,0,3,0,12,23,0,11,0,13,12,5,40,65,58,68,15,50,52,39,2.4229250043428E-11,,
,6068,10,0,15,0,13,0,0,1,7,0,6,0,0,16,24,10,0,4,0,24,25,5,45,36,34,65,36,71,75,68,0.0894639647,,
,863,16,0,11,10,0,16,5,12,0,1,2,0,0,20,11,24,0,16,0,6,11,5,43,76,38,57,34,69,51,42,1.7123469636094E-13,,
,7487,7,0,13,25,18,0,4,2,0,0,2,4,21,15,0,18,15,0,10,16,0,5,71,79,88,67,62,55,81,85,4.7379146332,,
,5506,14,10,0,0,10,10,11,1,0,0,10,25,0,4,1,12,0,4,0,14,23,5,49,41,39,40,35,70,39,64,0.2472623155,,
,4388,18,12,0,0,2,13,0,0,12,6,1,0,0,26,8,12,10,0,0,6,12,5,57,62,40,43,51,65,45,44,7.22063776127323E-08,,
,4480,42,0,34,4,0,7,0,2,2,12,8,0,1,0,11,14,0,9,0,11,4,5,50,72,70,78,10,28,55,45,4.64581183218604E-13,,
,4841,21,7,0,0,2,4,9,0,17,1,6,0,0,22,9,9,6,0,0,12,21,5,66,62,49,54,43,67,48,51,8.18664013137156E-06,,
,6551,24,0,17,31,0,8,3,2,0,1,8,0,6,0,2,0,12,1,3,16,0,5,50,62,93,95,25,10,55,48,3.41220579144091E-19,,
,574,18,0,23,0,5,5,0,4,4,9,4,0,0,35,26,3,0,1,0,18,20,5,62,65,45,70,48,71,89,81,0.0335350123,,
,2523,8,0,10,0,16,7,8,0,10,6,0,7,3,15,0,35,21,0,8,0,0,5,76,80,46,29,60,66,62,77,4.6612585535,,
,4262,19,3,0,0,20,19,0,4,2,0,9,0,5,0,4,14,0,2,0,29,26,5,48,33,53,65,36,76,62,49,1.87949586270906E-10,,
,2009,13,0,19,0,18,2,1,1,0,0,11,2,0,18,15,9,0,3,0,22,24,5,61,41,36,62,48,81,89,80,0.0123353201,,
,6423,0,0,2,0,13,10,0,1,4,3,11,0,0,34,16,0,3,6,0,20,30,5,61,37,26,51,62,89,84,72,4.11222956368268E-06,,
,6831,32,0,20,0,7,3,0,3,11,2,16,0,0,8,5,10,0,1,0,16,16,5,63,52,50,72,34,60,70,51,6.67793502576902E-08,,
,4670,8,0,11,0,23,9,5,0,7,1,4,0,0,21,4,18,0,16,0,17,12,5,61,53,31,33,48,78,76,77,24.4728464313,,
,2013,19,0,13,0,9,3,4,0,15,4,15,0,0,10,1,13,0,1,0,10,18,5,57,50,37,45,34,65,57,46,5.59903814576349E-07,,
,2936,8,0,18,0,16,0,3,0,10,0,6,0,0,10,12,13,0,5,0,19,25,5,43,34,30,45,32,70,69,66,1.3212886954,,
,4420,19,0,19,9,11,0,0,8,17,5,0,0,3,0,15,0,9,21,0,11,8,5,39,33,56,71,28,27,58,50,7.58254096360511E-08,,
,4545,12,0,13,0,11,1,0,11,10,0,0,6,8,14,0,37,16,0,7,2,0,5,60,70,38,41,59,73,67,62,0.0015871832,,
,2687,3,0,9,0,20,13,0,0,8,0,13,2,0,19,11,12,0,7,0,9,18,5,55,34,12,36,52,82,70,59,1.02618165798484E-08,,
,2819,13,0,24,0,13,3,0,0,2,6,6,0,0,15,12,13,0,7,0,21,27,5,47,47,40,52,34,74,79,73,0.2456114904,,
,662,21,0,11,0,11,5,9,0,13,0,14,1,0,10,6,16,2,0,0,13,16,5,67,56,45,56,37,67,61,57,0.0022670974,,
,5628,15,0,14,0,19,9,2,0,10,0,16,4,1,8,0,14,0,1,0,12,18,5,60,39,30,43,43,75,69,59,1.12256870783971E-05,,
,4295,3,0,13,0,13,6,7,0,6,6,6,0,0,25,24,7,0,9,0,20,27,5,54,48,36,53,44,78,77,78,42.2318798242,,
,5045,24,0,14,0,11,1,11,0,11,0,9,2,0,10,4,15,0,1,0,13,20,5,65,60,48,50,30,65,57,61,0.9043021024,,
,4498,12,0,6,0,11,5,15,0,5,0,5,6,0,15,20,15,0,5,0,17,21,5,58,57,44,54,31,67,54,70,95.2566296394,,
,2587,29,0,23,21,0,6,5,0,2,0,9,0,0,5,7,6,12,0,0,18,4,5,60,66,85,96,26,24,67,63,4.6588083350789E-13,,
,7128,17,0,29,14,1,0,10,0,7,15,22,0,0,16,9,6,0,2,0,3,2,5,66,78,59,65,39,47,71,59,5.59764493770324E-07,,
,4196,25,0,5,7,10,0,6,0,11,0,1,2,0,14,23,11,0,0,0,18,13,5,56,63,56,74,25,49,48,55,5.60270266071848E-07,,
,3460,9,0,17,0,19,7,0,2,5,0,13,9,0,16,15,9,0,4,0,18,22,5,57,34,27,57,50,81,85,79,0.242825803,7.0770504221,Market Share of New Product in Cluster-5
,,,,,,,,,,,,,,,,,,,,,,,,,,,,,,,Total Market Share of New Product,4.9414976782,,
,,,,,,,,,,,,,,,,,,,,,,,,,,,,,,,,,,
,,,,,,,,,,,,,,,,,,,,,,,,,,,,,,,,,,
,,,,,,,,,,,,,,,,,,,,,,,,,,,,,,,,,,
,,,,,,,,,,,,,,,,,,,Market Share of New Product,Rank,,,,,,,,,,,,,,
,,,,,,,,,,,,,,,,,,Cluster1,0.04%,5,,,,,,,,,,,,,,
,,,,,,,,,,,,,,,,,,Cluster2,10.34%,1,,,,,,,,,,,,,,
,,,,,,,,,,,,,,,,,,Cluster3,6.78%,3,,,,,,,,,,,,,,
,,,,,,,,,,,,,,,,,,Cluster4,2.95%,4,,,,,,,,,,,,,,
,,,,,,,,,,,,,,,,,,Cluster5,7.08%,2,,,,,,,,,,,,,,
,,,,,,,,,,,,,,,,,,,,,,,,,,,,,,,,,,
,,,,,,,,,,,,,,,,,,,,,,,,,,,,,,,,,,
,,,,,,,,,,,,,,,,,,,,,,,,,,,,,,,,,,
,,,,,,,,,,,,,,,,,,Total Market Share of New Product ,4.94%,,,,,,,,,,,,,,,
